"Title","Media URL","Pinterest board","Thumbnail","Description","Link","Publish date","Keywords"
"Judith Clark — EN | VANSMITHLAB","https://vansmithlab.com/images/pinterest/82ec8274e69833d29abf.jpg","vansmithlab.com","","Exhibition as a thinking device: fashion, space, scale and museum critique · VANSMITHLAB · original AI illustration, 2026","https://vansmithlab.com/en/glossary/curators/judith-clark-fashion-exhibition-museology/","","fashion, art, interior-design, media-publishing, design, visual culture, VANSMITHLAB"
"Juergen Teller — EN | VANSMITHLAB","https://vansmithlab.com/images/pinterest/28703f2cc49c990847ee.jpg","vansmithlab.com","","Flash, intimacy and anti-glamour · VANSMITHLAB · AI illustration, 2026","https://vansmithlab.com/en/glossary/photographers/juergen-teller-flash-intimacy-anti-glamour/","","photography, fashion, media-publishing, art, design, visual culture, VANSMITHLAB"
"Karl Lagerfeld — EN | VANSMITHLAB","https://vansmithlab.com/images/pinterest/e79db90617f938a13fa0.jpg","vansmithlab.com","","The author of a visual empire: how drawing, the archive, photography and parallel work for several houses formed the model of the contemporary creative director · VANSMITHLAB · AI illustration, 2026","https://vansmithlab.com/en/glossary/designers/karl-lagerfeld/","","fashion, photography, design, visual culture, VANSMITHLAB"
"Katie Grand — EN | VANSMITHLAB","https://vansmithlab.com/images/pinterest/41012578c29567b1c1fc.jpg","vansmithlab.com","","The independent fashion title as a way of working faster and more freely than a large editorial network. · VANSMITHLAB · original AI illustration, 2026","https://vansmithlab.com/en/glossary/fashion-editors/katie-grand-independent-fashion-publishing/","","media-publishing, fashion-systems, design, visual culture, VANSMITHLAB"
"Keith Haring — EN | VANSMITHLAB","https://vansmithlab.com/images/pinterest/872e1445bb2e87020faa.jpg","vansmithlab.com","","The line, public space and the art of social accessibility · VANSMITHLAB · AI illustration, 2026","https://vansmithlab.com/en/glossary/artists/keith-haring/","","art, graphic-design, design, visual culture, VANSMITHLAB"
"Kengo Kuma — EN | VANSMITHLAB","https://vansmithlab.com/images/pinterest/d4019222d75709682b4d.jpg","vansmithlab.com","","The architecture of dissolution, wood, craft and the local material · VANSMITHLAB · AI illustration, 2026","https://vansmithlab.com/en/glossary/architects/kengo-kuma/","","architecture, architects, materials-techniques, design, visual culture, VANSMITHLAB"
"Kenzo Tange — EN | VANSMITHLAB","https://vansmithlab.com/images/pinterest/f0ac8d160745c56333de.jpg","vansmithlab.com","","Memorial, megastructure and the architecture of postwar Japan · VANSMITHLAB - AI illustration, 2026","https://vansmithlab.com/en/glossary/architects/kenzo-tange/","","architecture, architects, design, visual culture, VANSMITHLAB"
"Kinetic Art — EN | VANSMITHLAB","https://vansmithlab.com/images/pinterest/7c6f503153ec404ca506.jpg","vansmithlab.com","","Movement, mechanism and space · VANSMITHLAB · AI illustration, 2026","https://vansmithlab.com/en/encyclopedia/kinetic-art-movement-mechanism-space/","","art, architecture, product-design, interior-design, graphic-design, photography, fashion, media-publishing, design, visual culture, VANSMITHLAB"
"Kisho Kurokawa — EN | VANSMITHLAB","https://vansmithlab.com/images/pinterest/332043422417d09031c9.jpg","vansmithlab.com","","Metabolism, the capsule and the architecture of symbiosis · VANSMITHLAB - AI illustration, 2026","https://vansmithlab.com/en/glossary/architects/kisho-kurokawa/","","architecture, architects, design, visual culture, VANSMITHLAB"
"Kiyonori Kikutake — EN | VANSMITHLAB","https://vansmithlab.com/images/pinterest/17593cdcaca4d530137d.jpg","vansmithlab.com","","The marine city, changeable structure and the architecture of postwar utopia · VANSMITHLAB - AI illustration, 2026","https://vansmithlab.com/en/glossary/architects/kiyonori-kikutake/","","architecture, architects, design, visual culture, VANSMITHLAB"
"Klim Type Foundry — EN | VANSMITHLAB","https://vansmithlab.com/images/pinterest/43fc5a319d3777011ac5.jpg","vansmithlab.com","","A type studio in Wellington since 2005. It creates typefaces through close study of proportion, historical models and the needs of specific linguistic and editorial environments. · VANSMITHLAB · AI illustration, 2026","https://vansmithlab.com/en/articles/klim-type-foundry/","","graphic-design, media-publishing, design, visual culture, VANSMITHLAB"
"Knitting — Producing Surface and Form at the Same Time — EN | VANSMITHLAB","https://vansmithlab.com/images/pinterest/97c136abdd1a74912d08.jpg","vansmithlab.com","","A technique in which instruction, loop and volume can belong to one design process. · VANSMITHLAB · original AI illustration, 2026","https://vansmithlab.com/en/encyclopedia/knitting-producing-surface-and-form-together/","","fashion-systems, design, visual culture, VANSMITHLAB"
"Knitwear — Form Created by the Loop — EN | VANSMITHLAB","https://vansmithlab.com/images/pinterest/4a110804ebba4493f5a9.jpg","vansmithlab.com","","An elastic structure in which material and construction emerge at the same time. · VANSMITHLAB · original AI illustration, 2026","https://vansmithlab.com/en/encyclopedia/knitwear-form-created-by-loop/","","fashion-systems, design, visual culture, VANSMITHLAB"
"Landor — EN | VANSMITHLAB","https://vansmithlab.com/images/pinterest/191ca484854c818add65.jpg","vansmithlab.com","","A studio or agency in San Francisco since 1941. It connects organisational strategy with visual, verbal, sonic and spatial brand expression. · VANSMITHLAB · AI illustration, 2026","https://vansmithlab.com/en/articles/landor/","","graphic-design, media-publishing, design, visual culture, VANSMITHLAB"
"Large-format photography — EN | VANSMITHLAB","https://vansmithlab.com/images/pinterest/f495a550502118e2f851.jpg","vansmithlab.com","","Photographic processes: large negative, perspective, camera movements, frame discipline and slow image-making. · VANSMITHLAB · original AI illustration, 2026","https://vansmithlab.com/en/encyclopedia/large-format-photography-perspective-discipline-camera-movements/","","materials, architecture, interior-design, product-design, fashion, photography, design, visual culture, VANSMITHLAB"
"Lars Müller Publishers — EN | VANSMITHLAB","https://vansmithlab.com/images/pinterest/104a4fc780b2b1841431.jpg","vansmithlab.com","","An independent publisher or editorial studio in Baden since 1983. It publishes books on architecture, design, photography, art and society with close attention to editorial content and graphic form as one whole. · VANSMITHLAB · AI illustration, 2026","https://vansmithlab.com/en/articles/lars-muller-publishers/","","media-publishing, graphic-design, photography, art, architecture, design, visual culture, VANSMITHLAB"
"Laser Cutting — Flat Precision and Serial Form — EN | VANSMITHLAB","https://vansmithlab.com/images/pinterest/90e962ed4195f085314a.jpg","vansmithlab.com","","A two-dimensional contour becomes a cut, and a sheet becomes a system of parts, joints and modules. · VANSMITHLAB · original AI illustration, 2026","https://vansmithlab.com/en/encyclopedia/laser-cutting-flat-precision-serial-form/","","technology, design, visual culture, VANSMITHLAB"
"LAYER — EN | VANSMITHLAB","https://vansmithlab.com/images/pinterest/e45c283e3e5f672b6bdb.jpg","vansmithlab.com","","An industrial and product design studio in London since 2015. It combines strategy, industrial design, engineering and visual identity. · VANSMITHLAB · original AI illustration, 2026","https://vansmithlab.com/en/articles/layer/","","product-design, design, visual culture, VANSMITHLAB"
"LC4 — EN | VANSMITHLAB","https://vansmithlab.com/images/pinterest/877f9d84c70e86ee8c20.jpg","vansmithlab.com","","The body as a mechanism of rest: adjustable posture, tubular steel and a new ergonomics · VANSMITHLAB · original AI illustration, 2026","https://vansmithlab.com/en/encyclopedia/lc4-chaise-longue/","","object-space, design, visual culture, VANSMITHLAB"
"Le Corbusier — EN | VANSMITHLAB","https://vansmithlab.com/images/pinterest/ddc305c85de59a28e57d.jpg","vansmithlab.com","","A machine for living, the city as a system and the architecture of a new age · VANSMITHLAB · AI illustration, 2026","https://vansmithlab.com/en/glossary/architects/le-corbusier/","","architecture, art, architects, artists, design, visual culture, VANSMITHLAB"
"Leather — EN | VANSMITHLAB","https://vansmithlab.com/images/pinterest/940f081f57acfa681388.jpg","vansmithlab.com","","Tanning, finishing, and luxury production · VANSMITHLAB · AI illustration, 2026","https://vansmithlab.com/en/encyclopedia/leather-tanning-luxury-production/","","fashion, design, visual culture, VANSMITHLAB"
"Limestone — EN | VANSMITHLAB","https://vansmithlab.com/images/pinterest/a0d38c8faf42102a86fc.jpg","vansmithlab.com","","Stone: sedimentary softness, porosity, facade, sculpture and dignified ageing. · VANSMITHLAB · original AI illustration, 2026","https://vansmithlab.com/en/encyclopedia/limestone-soft-mass-porous-architecture/","","materials, architecture, interior-design, product-design, fashion, photography, design, visual culture, VANSMITHLAB"
"Lina Bo Bardi — EN | VANSMITHLAB","https://vansmithlab.com/images/pinterest/11b6a38aedea941688a9.jpg","vansmithlab.com","","Everyday life, collectivity and the architecture of open use · VANSMITHLAB · AI illustration, 2026","https://vansmithlab.com/en/glossary/architects/lina-bo-bardi/","","architecture, architects, design, visual culture, VANSMITHLAB"
"Lining — the Invisible Architecture of Clothing — EN | VANSMITHLAB","https://vansmithlab.com/images/pinterest/fdcd04fbd61defca5710.jpg","vansmithlab.com","","The inner layer that controls friction, construction cleanliness, movement and garment life. · VANSMITHLAB · original AI illustration, 2026","https://vansmithlab.com/en/encyclopedia/lining-invisible-architecture-of-clothing/","","fashion-systems, design, visual culture, VANSMITHLAB"
"Loewe: the leather workshop as a cultural institution — EN | VANSMITHLAB","https://vansmithlab.com/images/pinterest/1b07b72c4ec9f8137fab.jpg","vansmithlab.com","","A house that redefined itself through craft: a prize, a foundation, and an exhibition programme became part of the brand alongside the bag. · VANSMITHLAB · original AI illustration, 2026","https://vansmithlab.com/en/articles/loewe/","","fashion-systems, materials, design, visual culture, VANSMITHLAB"
"LoRA and model adaptation — EN | VANSMITHLAB","https://vansmithlab.com/images/pinterest/83acba8bf119f40de83a.jpg","vansmithlab.com","","A way to adapt a large model to a specific task by changing a fraction of a percent of its weights. · VANSMITHLAB · original AI illustration, 2026","https://vansmithlab.com/en/encyclopedia/lora-model-adaptation/","","technology, image-grammar, design, visual culture, VANSMITHLAB"
"Lotta Volkova — EN | VANSMITHLAB","https://vansmithlab.com/images/pinterest/8f269749ee452aefe13c.jpg","vansmithlab.com","","The stylist as cultural montage: subculture, runway and a new system of taste · VANSMITHLAB · original AI illustration, 2026","https://vansmithlab.com/en/glossary/stylists/lotta-volkova-styling-subculture-fashion/","","fashion, photography, media-publishing, design, visual culture, VANSMITHLAB"
"Louis Kahn — EN | VANSMITHLAB","https://vansmithlab.com/images/pinterest/4c4257ceca6ad009e138.jpg","vansmithlab.com","","Monumentality, light and the architecture of institutions · VANSMITHLAB · AI illustration, 2026","https://vansmithlab.com/en/glossary/architects/louis-kahn/","","architecture, architects, materials-techniques, design, visual culture, VANSMITHLAB"
"Louise Bourgeois — EN | VANSMITHLAB","https://vansmithlab.com/images/pinterest/af353b75ded8d81cdee7.jpg","vansmithlab.com","","Memory, the body and the architecture of psychological space · VANSMITHLAB · AI illustration, 2026","https://vansmithlab.com/en/glossary/artists/louise-bourgeois/","","art, design, visual culture, VANSMITHLAB"
"Ludwig Mies van der Rohe — EN | VANSMITHLAB","https://vansmithlab.com/images/pinterest/a5b6f93de58bfbc9a1ab.jpg","vansmithlab.com","","Universal space, the steel frame and the discipline of detail · VANSMITHLAB · AI illustration, 2026","https://vansmithlab.com/en/glossary/architects/mies-van-der-rohe/","","architecture, architects, design, visual culture, VANSMITHLAB"
"Luis Barragán — EN | VANSMITHLAB","https://vansmithlab.com/images/pinterest/498889f4264f62d91204.jpg","vansmithlab.com","","The emotional architecture of colour, silence, garden and light · VANSMITHLAB · AI illustration, 2026","https://vansmithlab.com/en/glossary/architects/luis-barragan/","","architecture, architects, design, visual culture, VANSMITHLAB"
"M/M (Paris) — EN | VANSMITHLAB","https://vansmithlab.com/images/pinterest/5ecaccc62aeb2381198e.jpg","vansmithlab.com","","Signs, collaboration and the expanded field of graphic design · VANSMITHLAB · AI illustration, 2026","https://vansmithlab.com/en/articles/mm-paris-signs-collaboration-expanded-graphic-design/","","graphic-design, media-publishing, fashion, art, photography, product-design, interior-design, design, visual culture, VANSMITHLAB"
"MACK — EN | VANSMITHLAB","https://vansmithlab.com/images/pinterest/10cb5b79abd13a5edc5e.jpg","vansmithlab.com","","An independent publisher or editorial studio in London since 2010. It treats the book as an authored form in which image sequence, size, paper, printing and text together create a way of reading photography and art. · VANSMITHLAB · original AI illustration, 2026","https://vansmithlab.com/en/articles/mack/","","media-publishing, graphic-design, photography, art, architecture, design, visual culture, VANSMITHLAB"
"Magazine Cover — Image as the Interface of an Issue — EN | VANSMITHLAB","https://vansmithlab.com/images/pinterest/0d37593afd77a790b657.jpg","vansmithlab.com","","One frame, a name, a masthead and a few lines must sell the issue while stating its position. · VANSMITHLAB · original AI illustration, 2026","https://vansmithlab.com/en/encyclopedia/magazine-cover-image-as-issue-interface/","","image-grammar, design, visual culture, VANSMITHLAB"
"Magazine Spread — The Space Between Two Pages — EN | VANSMITHLAB","https://vansmithlab.com/images/pinterest/872c1fcb0c4bc9817c6f.jpg","vansmithlab.com","","A magazine is read not as isolated pages but through collisions and pauses between left and right fields. · VANSMITHLAB · original AI illustration, 2026","https://vansmithlab.com/en/encyclopedia/magazine-spread-space-between-two-pages/","","image-grammar, design, visual culture, VANSMITHLAB"
"Maison de Verre — EN | VANSMITHLAB","https://vansmithlab.com/images/pinterest/c5a418e1743d7712b56f.jpg","vansmithlab.com","","Pierre Chareau, Bernard Bijvoet, and the Dalsace house: industrial materials, movable elements, and layered privacy. · VANSMITHLAB · original AI illustration, 2026","https://vansmithlab.com/en/encyclopedia/maison-de-verre/","","space-typologies, design, visual culture, VANSMITHLAB"
"Maison Margiela: anonymity as an authorial signature — EN | VANSMITHLAB","https://vansmithlab.com/images/pinterest/709ded2fb6607a53f351.jpg","vansmithlab.com","","A house that built recognition on the refusal of face, name, and logotype — and turned the inside of construction into its signature code. · VANSMITHLAB · original AI illustration, 2026","https://vansmithlab.com/en/articles/maison-margiela/","","fashion-systems, image-grammar, design, visual culture, VANSMITHLAB"
"Marble — EN | VANSMITHLAB","https://vansmithlab.com/images/pinterest/a5549830a28f5e2c0d13.jpg","vansmithlab.com","","Origin, types, finishing and visual language · VANSMITHLAB · AI illustration, 2026","https://vansmithlab.com/en/encyclopedia/marble-origin-types-finishes-visual-language/","","architecture, design, visual culture, VANSMITHLAB"
"Marc Newson — EN | VANSMITHLAB","https://vansmithlab.com/images/pinterest/3a5375e749ea81c57650.jpg","vansmithlab.com","","A continuous surface without visible joints, at once a form and a manufacturing requirement. · VANSMITHLAB · original AI illustration, 2026","https://vansmithlab.com/en/glossary/industrial-designers/marc-newson-surface-without-a-seam/","","industrial-design, materials, design, visual culture, VANSMITHLAB"
"Marcel Duchamp — EN | VANSMITHLAB","https://vansmithlab.com/images/pinterest/6d1a0c8a0b9a88514315.jpg","vansmithlab.com","","Choice, chance and the redefinition of the work of art · VANSMITHLAB · AI illustration, 2026","https://vansmithlab.com/en/glossary/artists/marcel-duchamp/","","art, design, visual culture, VANSMITHLAB"
"Marshall McLuhan — EN | VANSMITHLAB","https://vansmithlab.com/images/pinterest/b985c0b0cd29c9342c47.jpg","vansmithlab.com","","The carrier of a message changes perception more than the message does. · VANSMITHLAB · original AI illustration, 2026","https://vansmithlab.com/en/glossary/critics-theorists/marshall-mcluhan-medium-as-environment/","","media-publishing, image-grammar, design, visual culture, VANSMITHLAB"
"Marshmallow Laser Feast — EN | VANSMITHLAB","https://vansmithlab.com/images/pinterest/d073831c32374e0fabb7.jpg","vansmithlab.com","","An art studio in London since 2012. It uses virtual reality, spatial sound and scientific data to translate invisible natural processes into bodily experience. · VANSMITHLAB · AI illustration, 2026","https://vansmithlab.com/en/articles/marshmallow-laser-feast/","","art, media-publishing, design, visual culture, VANSMITHLAB"
"Martin Margiela — EN | VANSMITHLAB","https://vansmithlab.com/images/pinterest/194d8d990a4a4050139b.jpg","vansmithlab.com","","Deconstruction, anonymity and clothing as a system of time · VANSMITHLAB · AI illustration, 2026","https://vansmithlab.com/en/glossary/designers/martin-margiela/","","fashion, design, visual culture, VANSMITHLAB"
"Marvin Israel — EN | VANSMITHLAB","https://vansmithlab.com/images/pinterest/7a5d634902b401b4b714.jpg","vansmithlab.com","","Selection, tension and trust in art direction · VANSMITHLAB · AI reconstruction, 2026","https://vansmithlab.com/en/glossary/art-directors/marvin-israel-selection-tension-trust-art-direction/","","graphic-design, media-publishing, photography, art, design, visual culture, VANSMITHLAB"
"Massimo Vignelli — EN | VANSMITHLAB","https://vansmithlab.com/images/pinterest/83e72bcbdb6f68dc68e0.jpg","vansmithlab.com","","System, order and design as one · VANSMITHLAB · AI illustration, 2026","https://vansmithlab.com/en/glossary/graphic-designers/massimo-vignelli-system-order-design-is-one/","","graphic-design, product-design, interior-design, architecture, media-publishing, design, visual culture, VANSMITHLAB"
"Material as luxury — EN | VANSMITHLAB","https://vansmithlab.com/images/pinterest/1748971c90d17c586557.jpg","vansmithlab.com","","Luxury arises not from the price of raw material but from processing, edition, and a regime of explanation. · VANSMITHLAB · original AI illustration, 2026","https://vansmithlab.com/en/collections/material-kak-roskosh/","","materials, fashion-systems, design, visual culture, VANSMITHLAB"
"Material ConneXion — EN | VANSMITHLAB","https://vansmithlab.com/images/pinterest/2058c192371d9e623898.jpg","vansmithlab.com","","A research organisation in New York since 1997. It builds physical and digital libraries of new materials and helps designers compare properties, suppliers and possible applications. · VANSMITHLAB · original AI illustration, 2026","https://vansmithlab.com/en/articles/material-connexion/","","product-design, architecture, art, design, visual culture, VANSMITHLAB"
"Materials — EN | VANSMITHLAB","https://vansmithlab.com/images/pinterest/d8f4ac70f6962952fe7d.jpg","vansmithlab.com","","Physical properties, visual characteristics and cultural codes of materials — from stone and metal to textile and composites. · VANSMITHLAB · original AI illustration, 2026","https://vansmithlab.com/en/collections/materialy/","","material-design, architecture, product-design, design, visual culture, VANSMITHLAB"
"Materiom — EN | VANSMITHLAB","https://vansmithlab.com/images/pinterest/c4764602e854aebe72b4.jpg","vansmithlab.com","","A research organisation in London since 2017. It builds an open database of bio-based material recipes and links experimental samples to data for comparing properties and possible applications. · VANSMITHLAB · original AI illustration, 2026","https://vansmithlab.com/en/articles/materiom/","","product-design, architecture, art, design, visual culture, VANSMITHLAB"
"Mats Gustafson — EN | VANSMITHLAB","https://vansmithlab.com/images/pinterest/5fa3f84e16477914a0ea.jpg","vansmithlab.com","","Watercolour, silhouette and silence: fashion illustration as reduction · VANSMITHLAB · original AI illustration, 2026","https://vansmithlab.com/en/glossary/illustrators/mats-gustafson-fashion-illustration-watercolor/","","fashion, graphic-design, art, media-publishing, design, visual culture, VANSMITHLAB"
"Memphis — EN | VANSMITHLAB","https://vansmithlab.com/images/pinterest/9d6da363636732e41371.jpg","vansmithlab.com","","Color, play and anti-functional energy · VANSMITHLAB · AI illustration, 2026","https://vansmithlab.com/en/encyclopedia/memphis-color-play-antifunctional-energy/","","product-design, interior-design, graphic-design, fashion, art, design, visual culture, VANSMITHLAB"
"Metabolism — EN | VANSMITHLAB","https://vansmithlab.com/images/pinterest/35a75100628291a0ba0b.jpg","vansmithlab.com","","City as living organism and the architecture of growth · VANSMITHLAB · AI illustration, 2026","https://vansmithlab.com/en/encyclopedia/metabolism-city-living-organism-architecture-of-growth/","","architecture, product-design, interior-design, graphic-design, photography, design, visual culture, VANSMITHLAB"
"Mezzadro — EN | VANSMITHLAB","https://vansmithlab.com/images/pinterest/1f88f74bbb4e41f69c20.jpg","vansmithlab.com","","A found industrial element transformed into a domestic object · VANSMITHLAB · original AI illustration, 2026","https://vansmithlab.com/en/encyclopedia/mezzadro-stool/","","object-space, design, visual culture, VANSMITHLAB"
"Michael Graves — EN | VANSMITHLAB","https://vansmithlab.com/images/pinterest/106e2f3deb9e360ce1b6.jpg","vansmithlab.com","","Ornament, mass design and the architecture of accessibility · VANSMITHLAB · AI illustration, 2026","https://vansmithlab.com/en/glossary/architects/michael-graves/","","architecture, architects, design, visual culture, VANSMITHLAB"
"Mid-Century Modern — EN | VANSMITHLAB","https://vansmithlab.com/images/pinterest/a44372b0251f0850663a.jpg","vansmithlab.com","","Postwar home, furniture and mass production · VANSMITHLAB · AI illustration, 2026","https://vansmithlab.com/en/encyclopedia/mid-century-modern-postwar-home-furniture-mass-production/","","architecture, interior-design, product-design, graphic-design, photography, fashion, art, design, visual culture, VANSMITHLAB"
"Minimalism — EN | VANSMITHLAB","https://vansmithlab.com/images/pinterest/48f16bae1b62ad7b53d5.jpg","vansmithlab.com","","Reduction, space and the discipline of form · VANSMITHLAB · AI illustration, 2026","https://vansmithlab.com/en/encyclopedia/minimalism-reduction-space-discipline-of-form/","","art, architecture, interior-design, fashion, graphic-design, design, visual culture, VANSMITHLAB"
"Minimalism: why absence sometimes costs more than decoration — EN | VANSMITHLAB","https://vansmithlab.com/images/pinterest/9a414c291a04f547d672.jpg","vansmithlab.com","","Minimalism is expensive not through the number of elements but because it moves cost into the precision of surface, joint, and tolerance. · VANSMITHLAB · original AI illustration, 2026","https://vansmithlab.com/en/analysis/minimalism-why-absence-can-cost-more-than-decoration/","","history-movements, materials, design, visual culture, VANSMITHLAB"
"Miuccia Prada — EN | VANSMITHLAB","https://vansmithlab.com/images/pinterest/e9997d1f29af96c6b284.jpg","vansmithlab.com","","Intellectual fashion and the aesthetic of contradiction: how nylon, the uniform, 'wrong' beauty, architecture and contemporary art changed the language of luxury · VANSMITHLAB - AI illustration, 2026","https://vansmithlab.com/en/glossary/designers/miuccia-prada/","","fashion, design, visual culture, VANSMITHLAB"
"Modernism — EN | VANSMITHLAB","https://vansmithlab.com/images/pinterest/ab489861346ea47af9e3.jpg","vansmithlab.com","","Form follows function · VANSMITHLAB · AI illustration, 2026","https://vansmithlab.com/en/encyclopedia/modernism-form-follows-function/","","architecture, design, fashion, photography, graphic-design, visual culture, VANSMITHLAB"
"MoMA — Architecture & Design — EN | VANSMITHLAB","https://vansmithlab.com/images/pinterest/2bac21e06bc8250d0207.jpg","vansmithlab.com","","A cultural institution in New York since 1932. It collects architecture and design as interconnected fields, shaping history through exhibitions, acquisitions, archives and research programmes. · VANSMITHLAB · original AI illustration, 2026","https://vansmithlab.com/en/articles/moma-architecture-design/","","art, architecture, graphic-design, product-design, fashion, media-publishing, design, visual culture, VANSMITHLAB"
"MoMA and the making of modern design history — EN | VANSMITHLAB","https://vansmithlab.com/images/pinterest/7aad9860fa20d45d6858.jpg","vansmithlab.com","","The museum did not only collect modern design; it taught the public to treat design as cultural history. · VANSMITHLAB · original AI illustration, 2026","https://vansmithlab.com/en/articles/moma-and-the-making-of-modern-design-history/","","history-movements, space-typologies, design, visual culture, VANSMITHLAB"
"Moment Factory — EN | VANSMITHLAB","https://vansmithlab.com/images/pinterest/b0efdc76ebb79ab32432.jpg","vansmithlab.com","","A studio in Montreal since 2001. It combines light, sound, video, scenography, architecture and interaction in large public and entertainment environments. · VANSMITHLAB · original AI illustration, 2026","https://vansmithlab.com/en/articles/moment-factory/","","graphic-design, art, media-publishing, design, visual culture, VANSMITHLAB"
"Mother — EN | VANSMITHLAB","https://vansmithlab.com/images/pinterest/db4367050761cbcc9cda.jpg","vansmithlab.com","","A multidisciplinary creative company in London since 1996. It builds an independent culture around authored ideas, collective critique and distinctive brand voice. · VANSMITHLAB · AI illustration, 2026","https://vansmithlab.com/en/articles/mother/","","graphic-design, media-publishing, design, visual culture, VANSMITHLAB"
"Motion capture — EN | VANSMITHLAB","https://vansmithlab.com/images/pinterest/c0dd6600674d0d77ec9b.jpg","vansmithlab.com","","Movement is separated from a body and becomes transferable data that can be edited, stored, and applied to another figure. · VANSMITHLAB · original AI illustration, 2026","https://vansmithlab.com/en/encyclopedia/motion-capture/","","technology, image-grammar, design, visual culture, VANSMITHLAB"
"Motion Design — Graphic Design Gains Time — EN | VANSMITHLAB","https://vansmithlab.com/images/pinterest/015d33f0bf3aeffdf3fd.jpg","vansmithlab.com","","Grid, type, form and image begin not only to occupy space but to change state. · VANSMITHLAB · original AI illustration, 2026","https://vansmithlab.com/en/encyclopedia/motion-design-graphic-design-gains-time/","","image-grammar, design, visual culture, VANSMITHLAB"
"Motion pipelines — time as a design material — EN | VANSMITHLAB","https://vansmithlab.com/images/pinterest/a12db984137e91a1251a.jpg","vansmithlab.com","","Movement is designed through curves and durations and produced by a pipeline with constraints of its own. · VANSMITHLAB · original AI illustration, 2026","https://vansmithlab.com/en/encyclopedia/motion-pipelines-time-as-design-material/","","image-grammar, media-publishing, design, visual culture, VANSMITHLAB"
"Mucho — EN | VANSMITHLAB","https://vansmithlab.com/images/pinterest/3b3e6031f1135b446bc2.jpg","vansmithlab.com","","A studio or agency in Barcelona since 2002. It builds visual systems from a clear idea, typography and editorial thinking, with close attention to everyday applications. · VANSMITHLAB · AI illustration, 2026","https://vansmithlab.com/en/articles/mucho/","","graphic-design, media-publishing, design, visual culture, VANSMITHLAB"
"MUJI: the absence of brand as a brand project — EN | VANSMITHLAB","https://vansmithlab.com/images/pinterest/044a943faa256da464ac.jpg","vansmithlab.com","","Refusing visible branding itself becomes a brand project, where value is built on rationality and ordinariness. · VANSMITHLAB · original AI illustration, 2026","https://vansmithlab.com/en/articles/muji-no-brand-as-brand-project/","","graphic-design, materials, design, visual culture, VANSMITHLAB"
"Naoto Fukasawa — EN | VANSMITHLAB","https://vansmithlab.com/images/pinterest/4ca3ff02d455977c4c67.jpg","vansmithlab.com","","Design that begins from observing unconscious behaviour rather than from the form of an object. · VANSMITHLAB · original AI illustration, 2026","https://vansmithlab.com/en/glossary/industrial-designers/naoto-fukasawa-behaviour-before-form/","","industrial-design, technology, design, visual culture, VANSMITHLAB"
"Neofuturism — EN | VANSMITHLAB","https://vansmithlab.com/images/pinterest/dcb88703291abac99ab7.jpg","vansmithlab.com","","flow, parametrics and the image of the future · VANSMITHLAB · AI illustration, 2026","https://vansmithlab.com/en/encyclopedia/neofuturism-flow-parametrics-image-of-future/","","architecture, fashion, photography, graphic-design, product-design, interior-design, media-publishing, design, visual culture, VANSMITHLAB"
"NeRF — neural radiance fields — EN | VANSMITHLAB","https://vansmithlab.com/images/pinterest/fbff569883863ba305ab.jpg","vansmithlab.com","","A set of ordinary photographs becomes a continuous scene representation from which any new viewpoint can be produced. · VANSMITHLAB · original AI illustration, 2026","https://vansmithlab.com/en/encyclopedia/nerf-neural-radiance-fields/","","technology, image-grammar, design, visual culture, VANSMITHLAB"
"Neue Nationalgalerie as a Space of Display — EN | VANSMITHLAB","https://vansmithlab.com/images/pinterest/d09972bc4d08007a292d.jpg","vansmithlab.com","","Mies van der Rohe: a free glazed upper platform, concealed lower-level infrastructure, and the museum as tension between universality and specific display. · VANSMITHLAB · original AI illustration, 2026","https://vansmithlab.com/en/encyclopedia/neue-nationalgalerie-space-of-display/","","space-typologies, design, visual culture, VANSMITHLAB"
"Neville Brody — EN | VANSMITHLAB","https://vansmithlab.com/images/pinterest/1f163efa37fc9b158220.jpg","vansmithlab.com","","Typography, subculture and a changing visual language · VANSMITHLAB · AI editorial illustration, 2026","https://vansmithlab.com/en/glossary/graphic-designers/neville-brody-typography-subculture-changing-visual-language/","","graphic-design, media-publishing, fashion, art, design, visual culture, VANSMITHLAB"
"Nick Knight — EN | VANSMITHLAB","https://vansmithlab.com/images/pinterest/40ffd36cdf2787366821.jpg","vansmithlab.com","","Image-making, fashion film and digital experiment · VANSMITHLAB · AI illustration, 2026","https://vansmithlab.com/en/glossary/photographers/nick-knight-image-making-fashion-film-digital-experiment/","","photography, fashion, media-publishing, art, graphic-design, design, visual culture, VANSMITHLAB"
"Norm Architects — EN | VANSMITHLAB","https://vansmithlab.com/images/pinterest/a018106883f4968ca537.jpg","vansmithlab.com","","A studio in Copenhagen since 2008. It works with proportion, natural light, tactile materials and human scale, seeking calm spaces without visual emptiness. · VANSMITHLAB · original AI illustration, 2026","https://vansmithlab.com/en/articles/norm-architects/","","interior-design, architecture, product-design, design, visual culture, VANSMITHLAB"
"Norman Foster — EN | VANSMITHLAB","https://vansmithlab.com/images/pinterest/d279cce39dd09ada011f.jpg","vansmithlab.com","","Technology, infrastructure and architecture as a system of efficiency · VANSMITHLAB · AI illustration, 2026","https://vansmithlab.com/en/glossary/architects/norman-foster/","","architecture, architects, design, visual culture, VANSMITHLAB"
"North Six — EN | VANSMITHLAB","https://vansmithlab.com/images/pinterest/f5f8fd27b633691bd20d.jpg","vansmithlab.com","","A company in New York since 2001. It organises stills, moving-image and experiential production for fashion, luxury and beauty with attention to local teams and international logistics. · VANSMITHLAB · original AI illustration, 2026","https://vansmithlab.com/en/articles/north-six/","","fashion, photography, media-publishing, design, visual culture, VANSMITHLAB"
"Nylon — EN | VANSMITHLAB","https://vansmithlab.com/images/pinterest/07d70fe926a7c5a721ae.jpg","vansmithlab.com","","From industrial material to the language of luxury · VANSMITHLAB · AI illustration","https://vansmithlab.com/en/encyclopedia/nylon-industrial-material-to-luxury/","","fashion, design, visual culture, VANSMITHLAB"
"Oak — EN | VANSMITHLAB","https://vansmithlab.com/images/pinterest/522b8ef680eb61f24e61.jpg","vansmithlab.com","","Wood: grain structure, strength, flooring, furniture and domestic cultural memory. · VANSMITHLAB · original AI illustration, 2026","https://vansmithlab.com/en/encyclopedia/oak-grain-durability-cultural-memory/","","materials, architecture, interior-design, product-design, fashion, photography, design, visual culture, VANSMITHLAB"
"Ogilvy — EN | VANSMITHLAB","https://vansmithlab.com/images/pinterest/c463f3c8d9882aaeed17.jpg","vansmithlab.com","","An advertising agency in New York since 1948. It combines consumer research, clear argument and long-term brand image, historically insisting on respect for the audience’s intelligence. · VANSMITHLAB · original AI illustration, 2026","https://vansmithlab.com/en/articles/ogilvy/","","graphic-design, media-publishing, design, visual culture, VANSMITHLAB"
"OK-RM — EN | VANSMITHLAB","https://vansmithlab.com/images/pinterest/303f7c6596a7e8f497c0.jpg","vansmithlab.com","","A design studio in London since 2008. It connects graphic design, editorial structure, exhibition space and creative direction, often building projects around sequences of reading. · VANSMITHLAB · original AI illustration, 2026","https://vansmithlab.com/en/articles/ok-rm/","","graphic-design, product-design, media-publishing, design, visual culture, VANSMITHLAB"
"Olivetti Showroom / Carlo Scarpa — EN | VANSMITHLAB","https://vansmithlab.com/images/pinterest/60c1d7fcbb32ec324ee5.jpg","vansmithlab.com","","A showroom on Piazza San Marco: how architectural detail turns the office machine into a cultural object. · VANSMITHLAB · original AI illustration, 2026","https://vansmithlab.com/en/encyclopedia/olivetti-showroom-carlo-scarpa/","","space-typologies, design, visual culture, VANSMITHLAB"
"Olivetti: the company as a total design project — EN | VANSMITHLAB","https://vansmithlab.com/images/pinterest/a4d3a3e1fabc2bca85e7.jpg","vansmithlab.com","","At Olivetti the product, the factory, the graphics, the store, the town, and social policy worked as a single design culture. · VANSMITHLAB · original AI illustration, 2026","https://vansmithlab.com/en/articles/olivetti-company-as-total-design-project/","","industrial-design, graphic-design, design, visual culture, VANSMITHLAB"
"OMA — EN | VANSMITHLAB","https://vansmithlab.com/images/pinterest/a934e1d65558f7185710.jpg","vansmithlab.com","","An architecture practice influential in contemporary form, space and urban thinking in Rotterdam since 1975. It treats architecture as work with programme, density, infrastructure and cultural contradiction; its research arm AMO extends the method beyond buildings. · VANSMITHLAB · AI illustration, 2026","https://vansmithlab.com/en/articles/oma/","","architecture, interior-design, design, visual culture, VANSMITHLAB"
"Op Art — EN | VANSMITHLAB","https://vansmithlab.com/images/pinterest/72cd26e0b5add016d340.jpg","vansmithlab.com","","Optical illusion, rhythm and the movement of the gaze · VANSMITHLAB · AI illustration, 2026","https://vansmithlab.com/en/encyclopedia/op-art-optical-illusion-rhythm-movement-of-gaze/","","art, graphic-design, fashion, photography, product-design, interior-design, architecture, media-publishing, design, visual culture, VANSMITHLAB"
"OpenUSD — the scene as a collaborative document — EN | VANSMITHLAB","https://vansmithlab.com/images/pinterest/e66a106229251e0704bf.jpg","vansmithlab.com","","A format that lets several specialists edit one scene simultaneously without overwriting each other’s work. · VANSMITHLAB · original AI illustration, 2026","https://vansmithlab.com/en/encyclopedia/openusd/","","technology, industrial-design, design, visual culture, VANSMITHLAB"
"Organic Modernism — EN | VANSMITHLAB","https://vansmithlab.com/images/pinterest/7df8b71d0bf0651b2843.jpg","vansmithlab.com","","Nature, space and soft geometry · VANSMITHLAB · AI illustration, 2026","https://vansmithlab.com/en/encyclopedia/organic-modernism-nature-space-soft-geometry/","","architecture, interior-design, product-design, photography, graphic-design, design, visual culture, VANSMITHLAB"
"Oscar Niemeyer — EN | VANSMITHLAB","https://vansmithlab.com/images/pinterest/3374e486e9042caf8285.jpg","vansmithlab.com","","The curved line, monumental plasticity and the architecture of modernist Brazil · VANSMITHLAB · AI illustration, 2026","https://vansmithlab.com/en/glossary/architects/oscar-niemeyer/","","architecture, architects, design, visual culture, VANSMITHLAB"
"Otl Aicher — EN | VANSMITHLAB","https://vansmithlab.com/images/pinterest/bd70d81128229dc414b2.jpg","vansmithlab.com","","System, pictograms and design as public infrastructure · VANSMITHLAB · AI editorial illustration, 2026","https://vansmithlab.com/en/glossary/graphic-designers/otl-aicher-system-pictograms-public-infrastructure/","","graphic-design, media-publishing, architecture, product-design, design, visual culture, VANSMITHLAB"
"Pablo Picasso — EN | VANSMITHLAB","https://vansmithlab.com/images/pinterest/095f4e6f95729cd17a00.jpg","vansmithlab.com","","The destruction of form, the production of the image and the power of the artistic myth · VANSMITHLAB · AI illustration, 2026","https://vansmithlab.com/en/glossary/artists/pablo-picasso/","","art, design, visual culture, VANSMITHLAB"
"Panton Chair — EN | VANSMITHLAB","https://vansmithlab.com/images/pinterest/7acf93e805beb1007e8e.jpg","vansmithlab.com","","One material, continuous form and a new plastics industry · VANSMITHLAB · original AI illustration, 2026","https://vansmithlab.com/en/encyclopedia/panton-chair/","","object-space, design, visual culture, VANSMITHLAB"
"Paolo Roversi — EN | VANSMITHLAB","https://vansmithlab.com/images/pinterest/865f07c58bb751380f7c.jpg","vansmithlab.com","","Light, duration and the fragile fashion image · VANSMITHLAB · AI illustration, 2026","https://vansmithlab.com/en/glossary/photographers/paolo-roversi/","","photography, fashion, media-publishing, art, design, visual culture, VANSMITHLAB"
"Parametricism — EN | VANSMITHLAB","https://vansmithlab.com/images/pinterest/2eef27f8afa63bce0587.jpg","vansmithlab.com","","Algorithm, Surface and Continuous Form System · VANSMITHLAB · AI illustration, 2026","https://vansmithlab.com/en/encyclopedia/parametricism-algorithm-surface-continuous-form-system/","","architecture, product-design, interior-design, graphic-design, fashion, photography, design, visual culture, VANSMITHLAB"
"Patina — EN | VANSMITHLAB","https://vansmithlab.com/images/pinterest/65b4ce9427899a6d86e1.jpg","vansmithlab.com","","Controlled ageing of material · VANSMITHLAB · AI illustration, 2026","https://vansmithlab.com/en/encyclopedia/patina-controlled-ageing-material/","","architecture, interior-design, product-design, art, design, visual culture, VANSMITHLAB"
"Paul Rand — EN | VANSMITHLAB","https://vansmithlab.com/images/pinterest/5e898ea3e47d19723a51.jpg","vansmithlab.com","","Modernism, wit and corporate identity · VANSMITHLAB · AI illustration, 2026","https://vansmithlab.com/en/glossary/graphic-designers/paul-rand-modernism-wit-corporate-identity/","","graphic-design, media-publishing, art, design, visual culture, VANSMITHLAB"
"Paula Scher — EN | VANSMITHLAB","https://vansmithlab.com/images/pinterest/74c3f9914da05f66039c.jpg","vansmithlab.com","","Typography, identity and the urban voice · VANSMITHLAB · AI editorial illustration, 2026","https://vansmithlab.com/en/glossary/graphic-designers/paula-scher-typography-identity-urban-voice/","","graphic-design, media-publishing, architecture, interior-design, art, design, visual culture, VANSMITHLAB"
"Pentagram — EN | VANSMITHLAB","https://vansmithlab.com/images/pinterest/878a1bd22881d6d4da83.jpg","vansmithlab.com","","A design studio in London since 1972. It operates through a partner-led model in which individual practices share one studio across graphics, environments, products, digital systems and strategy. · VANSMITHLAB · AI illustration, 2026","https://vansmithlab.com/en/articles/pentagram/","","graphic-design, product-design, media-publishing, design, visual culture, VANSMITHLAB"
"Peter Saville — EN | VANSMITHLAB","https://vansmithlab.com/images/pinterest/f76df3d27ea5f6779e2f.jpg","vansmithlab.com","","Music, code and identity as a cultural system · VANSMITHLAB · AI illustration, 2026","https://vansmithlab.com/en/glossary/art-directors/peter-saville/","","graphic-design, media-publishing, fashion, art, product-design, art-direction-graphic-design, design, visual culture, VANSMITHLAB"
"Peter Zumthor — EN | VANSMITHLAB","https://vansmithlab.com/images/pinterest/5dd6e79dceb90b30b980.jpg","vansmithlab.com","","Material, atmosphere and the architecture of slow perception · VANSMITHLAB · AI illustration, 2026","https://vansmithlab.com/en/glossary/architects/peter-zumthor/","","architecture, architects, materials-techniques, design, visual culture, VANSMITHLAB"
"Philip Johnson — EN | VANSMITHLAB","https://vansmithlab.com/images/pinterest/4c05a0ed14cd0c726d4e.jpg","vansmithlab.com","","Glass, influence and the architecture of cultural power · VANSMITHLAB - AI illustration, 2026","https://vansmithlab.com/en/glossary/architects/philip-johnson/","","architecture, architects, design, visual culture, VANSMITHLAB"
"Philippe Starck — EN | VANSMITHLAB","https://vansmithlab.com/images/pinterest/5b951b1f342e86803409.jpg","vansmithlab.com","","The designer as a public figure and media argument, selling an object together with their own name. · VANSMITHLAB · original AI illustration, 2026","https://vansmithlab.com/en/glossary/designers/philippe-starck-designer-as-public-figure/","","industrial-design, media-publishing, design, visual culture, VANSMITHLAB"
"Photobook — Sequence Instead of the Single Frame — EN | VANSMITHLAB","https://vansmithlab.com/images/pinterest/7fa12e37b8451a3107fe.jpg","vansmithlab.com","","A book turns photographs into time: order, scale, paper and page turning become part of the work. · VANSMITHLAB · original AI illustration, 2026","https://vansmithlab.com/en/encyclopedia/photobook-sequence-instead-of-single-frame/","","image-grammar, design, visual culture, VANSMITHLAB"
"Photogram — EN | VANSMITHLAB","https://vansmithlab.com/images/pinterest/4af0f3abbbb1d1d565ca.jpg","vansmithlab.com","","The cameraless image constructed through light, contact and time · VANSMITHLAB · AI illustration, 2026","https://vansmithlab.com/en/encyclopedia/photogram-camera-less-image/","","photography, art, graphic-design, design, visual culture, VANSMITHLAB"
"Photogrammetry — Photography as Spatial Measurement — EN | VANSMITHLAB","https://vansmithlab.com/images/pinterest/bfdccf4023996aa1d106.jpg","vansmithlab.com","","Overlapping images become measurements from which space is computed. · VANSMITHLAB · original AI illustration, 2026","https://vansmithlab.com/en/encyclopedia/photogrammetry-photography-as-spatial-measurement/","","technology, design, visual culture, VANSMITHLAB"
"Photoshop: the history of an image no longer trusted — EN | VANSMITHLAB","https://vansmithlab.com/images/pinterest/56709ada8a68c90ce3c1.jpg","vansmithlab.com","","The software made the image open, layered, and reversible — and thereby suspect. · VANSMITHLAB · original AI illustration, 2026","https://vansmithlab.com/en/articles/photoshop-history-of-an-image-no-longer-trusted/","","image-grammar, media-publishing, design, visual culture, VANSMITHLAB"
"Phyllis Posnick — EN | VANSMITHLAB","https://vansmithlab.com/images/pinterest/6d967fbab63a75cd21f4.jpg","vansmithlab.com","","The fashion editor as a co-author of photography: staging, risk and the precision of one image · VANSMITHLAB · original AI illustration, 2026","https://vansmithlab.com/en/glossary/fashion-editors/phyllis-posnick-fashion-editor-image-construction/","","fashion, photography, media-publishing, design, visual culture, VANSMITHLAB"
"Pierre Cardin: How a Fashion House Became a System — EN | VANSMITHLAB","https://vansmithlab.com/images/pinterest/1e581c11ecb00d3427b4.jpg","vansmithlab.com","","From the House of Worth firm to Pierre Cardin's licensing model as described in the house's official history, this article reads fashion-house influence through authorship, the calendar, cultural memory, and the circulation of a name—not trends alone. · VANSMITHLAB · original AI editorial illustration, 2026","https://vansmithlab.com/en/analysis/four-documented-fashion-house-narratives/","","design, visual culture, VANSMITHLAB"
"Pierre Chareau — EN | VANSMITHLAB","https://vansmithlab.com/images/pinterest/5ee87cbd29445c7bc3a2.jpg","vansmithlab.com","","Interior as mechanism: furniture, glass, movement and the architecture of Maison de Verre · VANSMITHLAB · original AI illustration, 2026","https://vansmithlab.com/en/glossary/interior-designers/pierre-chareau-maison-de-verre-interior/","","interior-design, product-design, architecture, design, visual culture, VANSMITHLAB"
"Pleating — EN | VANSMITHLAB","https://vansmithlab.com/images/pinterest/104ca2ef5b4604459c2e.jpg","vansmithlab.com","","From hand craft to Issey Miyake's technology · VANSMITHLAB · AI illustration, 2026","https://vansmithlab.com/en/encyclopedia/pleating-issey-miyake/","","fashion, design, visual culture, VANSMITHLAB"
"Polaroid: image as a physical event — EN | VANSMITHLAB","https://vansmithlab.com/images/pinterest/d3704dfdc53d7374e9f8.jpg","vansmithlab.com","","Instant photography turns a delayed chemical process into an event where camera, material, waiting, and object coincide. · VANSMITHLAB · original AI illustration, 2026","https://vansmithlab.com/en/articles/polaroid-image-as-physical-event/","","image-grammar, materials, design, visual culture, VANSMITHLAB"
"Polly Mellen — EN | VANSMITHLAB","https://vansmithlab.com/images/glossary/fashion-editors/polly-mellen-fashion-editor-risk-image-making-portrait-ai-v1-card-v2.jpg","vansmithlab.com","","Risk, Discipline and the Fashion Editor as Co-Author of the Image · VANSMITHLAB ? original AI editorial portrait, 2026","https://vansmithlab.com/en/glossary/fashion-editors/polly-mellen-fashion-editor-risk-image-making/","","fashion, photography, media-publishing, design, visual culture, VANSMITHLAB"
"Polyester — EN | VANSMITHLAB","https://vansmithlab.com/images/pinterest/05d5e62ff40d1a9c6ec2.jpg","vansmithlab.com","","Polymers: synthetic fibre, film, mass clothing and technical surface. · VANSMITHLAB · original AI illustration, 2026","https://vansmithlab.com/en/encyclopedia/polyester-fibre-film-mass-clothing-surface/","","materials, architecture, interior-design, product-design, fashion, photography, design, visual culture, VANSMITHLAB"
"Pop Art — EN | VANSMITHLAB","https://vansmithlab.com/images/pinterest/bc11e52dd0aa222f2844.jpg","vansmithlab.com","","Mass culture, commodity and image · VANSMITHLAB · AI illustration, 2026","https://vansmithlab.com/en/encyclopedia/pop-art-mass-culture-commodity-image/","","art, graphic-design, product-design, fashion, photography, media-publishing, design, visual culture, VANSMITHLAB"
"Porcelain — EN | VANSMITHLAB","https://vansmithlab.com/images/pinterest/23161c489256badf9f8d.jpg","vansmithlab.com","","Ceramics: whiteness, thinness, high heat, tableware and sanitary precision. · VANSMITHLAB · original AI illustration, 2026","https://vansmithlab.com/en/encyclopedia/porcelain-whiteness-fire-thin-strength/","","materials, architecture, interior-design, product-design, fashion, photography, design, visual culture, VANSMITHLAB"
"PORTO ROCHA — EN | VANSMITHLAB","https://vansmithlab.com/images/pinterest/4794f70919ec4a92c709.jpg","vansmithlab.com","","A studio or agency in New York since 2020. It connects brand identity, editorial design and digital systems, pursuing expression without giving up structural discipline. · VANSMITHLAB · AI illustration, 2026","https://vansmithlab.com/en/articles/porto-rocha/","","graphic-design, media-publishing, design, visual culture, VANSMITHLAB"
"Postmodernism — EN | VANSMITHLAB","https://vansmithlab.com/images/pinterest/408c3e071f463300744b.jpg","vansmithlab.com","","Quotation, irony and the return of the sign · VANSMITHLAB · AI illustration, 2026","https://vansmithlab.com/en/encyclopedia/postmodernism-quotation-irony-return-of-sign/","","art, architecture, interior-design, fashion, graphic-design, photography, product-design, design, visual culture, VANSMITHLAB"
"Prada Epicenter New York / OMA — EN | VANSMITHLAB","https://vansmithlab.com/images/pinterest/dca04b45e5e98e0fdceb.jpg","vansmithlab.com","","The store as public space, gallery, stage, and laboratory for new retail scenarios. · VANSMITHLAB · original AI illustration, 2026","https://vansmithlab.com/en/encyclopedia/prada-epicenter-new-york-oma/","","space-typologies, design, visual culture, VANSMITHLAB"
"Prada Epicenter: when the store became a research project — EN | VANSMITHLAB","https://vansmithlab.com/images/pinterest/92f8edf81ba7f5ca1e71.jpg","vansmithlab.com","","Retail space was designed not as brand decor but as research into shopping, publicness, and media. · VANSMITHLAB · original AI illustration, 2026","https://vansmithlab.com/en/articles/prada-epicenter-when-store-became-research-project/","","space-typologies, media-publishing, design, visual culture, VANSMITHLAB"
"Printing — the image as a reproducible surface — EN | VANSMITHLAB","https://vansmithlab.com/images/pinterest/5b6174cebbe70607aae9.jpg","vansmithlab.com","","Printing turns an image into an edition, and each printing method leaves its own trace in the picture’s structure. · VANSMITHLAB · original AI illustration, 2026","https://vansmithlab.com/en/encyclopedia/printing-image-as-reproducible-surface/","","image-grammar, materials, design, visual culture, VANSMITHLAB"
"Production processes — the object as a sequence of operations — EN | VANSMITHLAB","https://vansmithlab.com/images/pinterest/a5cc143057af93c19f9f.jpg","vansmithlab.com","","An object’s form is determined not by a sketch but by the order of operations, tolerances, and tooling cost. · VANSMITHLAB · original AI illustration, 2026","https://vansmithlab.com/en/encyclopedia/production-processes-object-as-manufacturing-sequence/","","industrial-design, materials, design, visual culture, VANSMITHLAB"
"Production Type — EN | VANSMITHLAB","https://vansmithlab.com/images/pinterest/ae9713b2f882f092194c.jpg","vansmithlab.com","","A type studio in Paris since 2014. It creates retail and custom typefaces for publishing, industry, fashion and luxury with attention to multilingual and technical requirements. · VANSMITHLAB · original AI illustration, 2026","https://vansmithlab.com/en/articles/production-type/","","graphic-design, media-publishing, design, visual culture, VANSMITHLAB"
"Prototyping — design as a testable hypothesis — EN | VANSMITHLAB","https://vansmithlab.com/images/pinterest/f0a28dfb2ca40619da2d.jpg","vansmithlab.com","","A prototype is valuable not for resembling a product but for which question it allows to be closed. · VANSMITHLAB · original AI illustration, 2026","https://vansmithlab.com/en/encyclopedia/prototyping-design-as-testable-hypothesis/","","industrial-design, technology, design, visual culture, VANSMITHLAB"
"R/GA — EN | VANSMITHLAB","https://vansmithlab.com/images/pinterest/5fc456ade871d4f28b9e.jpg","vansmithlab.com","","A multidisciplinary creative company in New York since 1977. It repeatedly changed its own model with technology, moving from screen graphics and film production to networked products, services and organisational transformation. · VANSMITHLAB · AI illustration, 2026","https://vansmithlab.com/en/articles/rga/","","graphic-design, media-publishing, design, visual culture, VANSMITHLAB"
"Radical Design — EN | VANSMITHLAB","https://vansmithlab.com/images/pinterest/3a52b51546146f9995f1.jpg","vansmithlab.com","","Protest, utopia and anti-commercial form · VANSMITHLAB · AI illustration, 2026","https://vansmithlab.com/en/encyclopedia/radical-design-protest-utopia-anticommercial-form/","","product-design, interior-design, architecture, art, graphic-design, fashion, photography, design, visual culture, VANSMITHLAB"
"Random International — EN | VANSMITHLAB","https://vansmithlab.com/images/pinterest/8d77f20583f49d70da37.jpg","vansmithlab.com","","An art studio in London since 2005. It uses sensors, light, movement and physical processes so viewers experience technological systems through their own bodies and behaviour. · VANSMITHLAB · AI illustration, 2026","https://vansmithlab.com/en/articles/random-international/","","art, media-publishing, design, visual culture, VANSMITHLAB"
"Ray Petri — EN | VANSMITHLAB","https://vansmithlab.com/images/pinterest/afca952cc2342df8c30c.jpg","vansmithlab.com","","Buffalo, new masculinity and the stylist as cultural image-maker · VANSMITHLAB · original editorial AI illustration, 2026","https://vansmithlab.com/en/glossary/stylists/ray-petri-buffalo-styling-new-masculinity/","","fashion, photography, media-publishing, art, design, visual culture, VANSMITHLAB"
"Re-edition — the classic object as contemporary production — EN | VANSMITHLAB","https://vansmithlab.com/images/pinterest/3c39e351407016c637bb.jpg","vansmithlab.com","","A re-edition creates a new legitimate object rather than a copy: the difference lies in rights and in production documentation. · VANSMITHLAB · original AI illustration, 2026","https://vansmithlab.com/en/encyclopedia/re-edition-classic-object-as-contemporary-production/","","industrial-design, history-movements, design, visual culture, VANSMITHLAB"
"Ready-to-Wear — Designer Clothing as an Industrial System — EN | VANSMITHLAB","https://vansmithlab.com/images/pinterest/3f3f1d9e33dc46e9b0a0.jpg","vansmithlab.com","","How sizing, series, calendar, factory and retail turned designer clothing into a reproducible product. · VANSMITHLAB · original AI illustration, 2026","https://vansmithlab.com/en/encyclopedia/ready-to-wear-designer-clothing-as-industrial-system/","","fashion-systems, design, visual culture, VANSMITHLAB"
"Real-time engines — EN | VANSMITHLAB","https://vansmithlab.com/images/pinterest/2ed718d060c1db5d8727.jpg","vansmithlab.com","","The image is computed in milliseconds, which moves the decision out of post-production and back onto the set. · VANSMITHLAB · original AI illustration, 2026","https://vansmithlab.com/en/encyclopedia/real-time-engines/","","technology, image-grammar, design, visual culture, VANSMITHLAB"
"Refik Anadol Studio — EN | VANSMITHLAB","https://vansmithlab.com/images/pinterest/a845e0f148b8f592fa7b.jpg","vansmithlab.com","","An art studio in Los Angeles since 2014. It uses large datasets, machine learning and architectural surfaces to create moving abstract environments in which computation becomes visible form. · VANSMITHLAB · AI illustration, 2026","https://vansmithlab.com/en/articles/refik-anadol-studio/","","art, media-publishing, design, visual culture, VANSMITHLAB"
"Rei Kawakubo — EN | VANSMITHLAB","https://vansmithlab.com/images/pinterest/bcdb73ea09c67d99ef17.jpg","vansmithlab.com","","Clothing as a conceptual object: how Comme des Garçons destroyed habitual ideas of beauty, the body, authorship and the very boundary between fashion and art · VANSMITHLAB · AI illustration, 2026","https://vansmithlab.com/en/glossary/designers/rei-kawakubo/","","fashion, design, visual culture, VANSMITHLAB"
"Rem Koolhaas — EN | VANSMITHLAB","https://vansmithlab.com/images/pinterest/4273218236caa612d15d.jpg","vansmithlab.com","","Architecture as the investigation of the city, programme, scale and contemporary power · VANSMITHLAB · AI illustration, 2026","https://vansmithlab.com/en/glossary/architects/rem-koolhaas/","","architecture, architects, thematic-research, design, visual culture, VANSMITHLAB"
"René Gruau — EN | VANSMITHLAB","https://vansmithlab.com/images/pinterest/21b5c9241a2f6b01bea3.jpg","vansmithlab.com","","Line, Glamour and Fashion Illustration as a System of Visual Reduction · VANSMITHLAB · original editorial AI illustration, 2026","https://vansmithlab.com/en/glossary/illustrators/rene-gruau-line-glamour-fashion-illustration/","","fashion, graphic-design, media-publishing, art, design, visual culture, VANSMITHLAB"
"René Magritte — EN | VANSMITHLAB","https://vansmithlab.com/images/pinterest/cb270c5795bbb132d942.jpg","vansmithlab.com","","Image, language and the mystery of the everyday · VANSMITHLAB · AI illustration, 2026","https://vansmithlab.com/en/glossary/artists/rene-magritte/","","art, design, visual culture, VANSMITHLAB"
"Renzo Piano — EN | VANSMITHLAB","https://vansmithlab.com/images/pinterest/c5ce7db077af2afec8bf.jpg","vansmithlab.com","","The lightness of construction, the craft of technology and the architecture of natural light · VANSMITHLAB · AI illustration, 2026","https://vansmithlab.com/en/glossary/architects/renzo-piano/","","architecture, architects, design, visual culture, VANSMITHLAB"
"Retouching — From Negative to Digital Image — EN | VANSMITHLAB","https://vansmithlab.com/images/pinterest/c5ab9f32d8835ca549e6.jpg","vansmithlab.com","","Correction, interpretation and power over the photographic surface existed long before Photoshop. · VANSMITHLAB · original AI illustration, 2026","https://vansmithlab.com/en/encyclopedia/retouching-from-negative-to-digital-image/","","image-grammar, design, visual culture, VANSMITHLAB"
"Reyner Banham — EN | VANSMITHLAB","https://vansmithlab.com/images/pinterest/3c1d48d77228c91b0e67.jpg","vansmithlab.com","","Architecture after style: technology, climate, pop culture and environmental criticism · VANSMITHLAB · original AI illustration, 2026","https://vansmithlab.com/en/glossary/critics-theorists/reyner-banham-technology-architecture-criticism/","","architecture, product-design, media-publishing, design, visual culture, VANSMITHLAB"
"Richard Meier — EN | VANSMITHLAB","https://vansmithlab.com/images/pinterest/a08348da827bbc9bbf6c.jpg","vansmithlab.com","","White light, geometry and the architecture of modernist continuity · VANSMITHLAB · AI illustration, 2026","https://vansmithlab.com/en/glossary/architects/richard-meier/","","architecture, architects, design, visual culture, VANSMITHLAB"
"Richard Rogers — EN | VANSMITHLAB","https://vansmithlab.com/images/pinterest/283e50441564538a7c66.jpg","vansmithlab.com","","Architecture of open systems, urban publicness and technological expressiveness · VANSMITHLAB · AI illustration, 2026","https://vansmithlab.com/en/glossary/architects/richard-rogers/","","architecture, architects, design, visual culture, VANSMITHLAB"
"Robert Venturi and Denise Scott Brown — EN | VANSMITHLAB","https://vansmithlab.com/images/pinterest/66d6289dc654b663c471.jpg","vansmithlab.com","","Sign, the everyday city and the architecture of complex meaning · VANSMITHLAB · AI illustration, 2026","https://vansmithlab.com/en/glossary/architects/venturi-scott-brown/","","architecture, architects, thematic-research, design, visual culture, VANSMITHLAB"
"Sacco — EN | VANSMITHLAB","https://vansmithlab.com/images/pinterest/a608c4ecae787ef6ebeb.jpg","vansmithlab.com","","The anti-chair: free posture and unfixed form · VANSMITHLAB · original AI illustration, 2026","https://vansmithlab.com/en/encyclopedia/sacco-chair/","","object-space, design, visual culture, VANSMITHLAB"
"Salvador Dalí — EN | VANSMITHLAB","https://vansmithlab.com/images/pinterest/2e9a7de92c270ae655c3.jpg","vansmithlab.com","","Paranoia, spectacle and the production of one's own myth · VANSMITHLAB · AI illustration, 2026","https://vansmithlab.com/en/glossary/artists/salvador-dali/","","art, design, visual culture, VANSMITHLAB"
"SANAA — EN | VANSMITHLAB","https://vansmithlab.com/images/pinterest/e311ff7e9e8e2ea78b09.jpg","vansmithlab.com","","An architecture practice influential in contemporary form, space and urban thinking in Tokyo since 1995. It builds space through light structures, thin boundaries, reflection and continuous movement. · VANSMITHLAB · AI illustration, 2026","https://vansmithlab.com/en/articles/sanaa/","","architecture, interior-design, architects, design, visual culture, VANSMITHLAB"
"Santiago Calatrava — EN | VANSMITHLAB","https://vansmithlab.com/images/pinterest/0da70ea84effcb764b7f.jpg","vansmithlab.com","","Movement, structure and the architecture of the engineering image · VANSMITHLAB · AI illustration, 2026","https://vansmithlab.com/en/glossary/architects/santiago-calatrava/","","architecture, art, architects, artists, design, visual culture, VANSMITHLAB"
"Sarah Moon — EN | VANSMITHLAB","https://vansmithlab.com/images/pinterest/9adb77dda9063c0991cc.jpg","vansmithlab.com","","Fashion as memory, fiction and the disappearing image · VANSMITHLAB · AI illustration, 2026","https://vansmithlab.com/en/glossary/photographers/sarah-moon-fashion-memory-fiction-disappearing-image/","","photography, fashion, media-publishing, art, design, visual culture, VANSMITHLAB"
"Saul Bass — EN | VANSMITHLAB","https://vansmithlab.com/images/pinterest/a0d9f84902e2b24ba2a0.jpg","vansmithlab.com","","Symbol, motion and film as a visual system · VANSMITHLAB · AI editorial illustration, 2026","https://vansmithlab.com/en/glossary/graphic-designers/saul-bass-symbol-motion-film-visual-system/","","graphic-design, media-publishing, art, design, visual culture, VANSMITHLAB"
"SCAPE — EN | VANSMITHLAB","https://vansmithlab.com/images/pinterest/2f567b1fe4c2e76f6c8a.jpg","vansmithlab.com","","A landscape practice in New York since 2007. It connects ecological restoration, public life and protective infrastructure, especially in coastal and climate-vulnerable territories. · VANSMITHLAB · original AI illustration, 2026","https://vansmithlab.com/en/articles/scape/","","architecture, design, visual culture, VANSMITHLAB"
"Schiaparelli: surrealism as a method for a fashion house — EN | VANSMITHLAB","https://vansmithlab.com/images/pinterest/2281b7f1036c5d59aa93.jpg","vansmithlab.com","","The house that first made artistic collaboration a working procedure rather than a promotional exercise. · VANSMITHLAB · original AI illustration, 2026","https://vansmithlab.com/en/articles/schiaparelli/","","fashion-systems, history-movements, design, visual culture, VANSMITHLAB"
"Screen graphics — the image as interface — EN | VANSMITHLAB","https://vansmithlab.com/images/pinterest/1bd847359db555c7e16d.jpg","vansmithlab.com","","On screen an image must not only show but respond: it is a control. · VANSMITHLAB · original AI illustration, 2026","https://vansmithlab.com/en/encyclopedia/screen-graphics-image-as-interface/","","image-grammar, graphic-design, design, visual culture, VANSMITHLAB"
"Shigeru Ban — EN | VANSMITHLAB","https://vansmithlab.com/images/pinterest/0a22f8c71209ac797011.jpg","vansmithlab.com","","Paper structures, humanitarian architecture and the engineering of reuse · VANSMITHLAB · AI illustration, 2026","https://vansmithlab.com/en/glossary/architects/shigeru-ban/","","architecture, architects, materials-techniques, design, visual culture, VANSMITHLAB"
"Sid Lee — EN | VANSMITHLAB","https://vansmithlab.com/images/pinterest/4f53fd4daac86354da3f.jpg","vansmithlab.com","","A multidisciplinary creative company in Montreal since 1993. It connects advertising, architecture, retail environments, digital products and entertainment. · VANSMITHLAB · original AI illustration, 2026","https://vansmithlab.com/en/articles/sid-lee/","","graphic-design, media-publishing, design, visual culture, VANSMITHLAB"
"Silk — EN | VANSMITHLAB","https://vansmithlab.com/images/pinterest/520a8367db3269581150.jpg","vansmithlab.com","","Properties, types, and applications · VANSMITHLAB · AI illustration, 2026","https://vansmithlab.com/en/encyclopedia/silk-properties-types-applications/","","fashion, design, visual culture, VANSMITHLAB"
"Silver gelatin print — EN | VANSMITHLAB","https://vansmithlab.com/images/pinterest/c56f0405af1b8d4aa00c.jpg","vansmithlab.com","","Photographic processes: silver, gelatin, tonal range, grain and archival black-and-white surface. · VANSMITHLAB · original AI illustration, 2026","https://vansmithlab.com/en/encyclopedia/silver-gelatin-print-tone-grain-archival-surface/","","materials, architecture, interior-design, product-design, fashion, photography, design, visual culture, VANSMITHLAB"
"SLA — EN | VANSMITHLAB","https://vansmithlab.com/images/pinterest/3ea023cc1bab1a31101b.jpg","vansmithlab.com","","A landscape practice in Copenhagen since 1994. It uses nature as active urban infrastructure for climate, biodiversity, water, shade and everyday human life. · VANSMITHLAB · original AI illustration, 2026","https://vansmithlab.com/en/articles/sla/","","architecture, design, visual culture, VANSMITHLAB"
"Snøhetta — EN | VANSMITHLAB","https://vansmithlab.com/images/pinterest/1c8eff04690971af6ffd.jpg","vansmithlab.com","","An architecture practice influential in contemporary form, space and urban thinking in Oslo since 1989. It connects architecture, landscape, interiors, graphics and product design. · VANSMITHLAB · AI illustration, 2026","https://vansmithlab.com/en/articles/snohetta/","","architecture, interior-design, design, visual culture, VANSMITHLAB"
"Sølve Sundsbø — EN | VANSMITHLAB","https://vansmithlab.com/images/pinterest/b003b4fbb4780ae9d4ee.jpg","vansmithlab.com","","Technology, transformation and the fashion image without a fixed style · VANSMITHLAB · AI illustration, 2026","https://vansmithlab.com/en/glossary/photographers/solve-sundsbo-technology-transformation-no-fixed-style/","","photography, fashion, media-publishing, art, graphic-design, design, visual culture, VANSMITHLAB"
"Space Copenhagen — EN | VANSMITHLAB","https://vansmithlab.com/images/pinterest/ed9624797d4e8c4cf478.jpg","vansmithlab.com","","A studio in Copenhagen since 2005. It connects interiors and product design through calm materials, tactility and atmosphere, often working in hospitality. · VANSMITHLAB · original AI illustration, 2026","https://vansmithlab.com/en/articles/space-copenhagen/","","interior-design, architecture, product-design, design, visual culture, VANSMITHLAB"
"Special — EN | VANSMITHLAB","https://vansmithlab.com/images/pinterest/856e98aa88b0d06e89c8.jpg","vansmithlab.com","","A multidisciplinary creative company in Auckland since 2007. It builds an independent network around compact teams, cultural observation and an idea that should work before media scale is added. · VANSMITHLAB · AI illustration, 2026","https://vansmithlab.com/en/articles/special/","","graphic-design, media-publishing, design, visual culture, VANSMITHLAB"
"Spector Books — EN | VANSMITHLAB","https://vansmithlab.com/images/pinterest/da6c84e9fe597cc84ab1.jpg","vansmithlab.com","","An independent publisher or editorial studio in Leipzig since 2001. It works at the intersection of art, theory and design and treats book production as exchange among authors, designers, printers, publishers and material. · VANSMITHLAB · original AI illustration, 2026","https://vansmithlab.com/en/articles/spector-books/","","media-publishing, graphic-design, photography, art, architecture, design, visual culture, VANSMITHLAB"
"Spring Studios — EN | VANSMITHLAB","https://vansmithlab.com/images/pinterest/d20730ddd941597538f3.jpg","vansmithlab.com","","A company in London since 1997. It combines creative strategy, campaigns, content, events and physical studio spaces for fashion, luxury and premium brands. · VANSMITHLAB · original AI illustration, 2026","https://vansmithlab.com/en/articles/spring-studios/","","fashion, photography, media-publishing, design, visual culture, VANSMITHLAB"
"Stainless steel — EN | VANSMITHLAB","https://vansmithlab.com/images/pinterest/1cca90307a1cedc5d82a.jpg","vansmithlab.com","","Architecture of reflection, surface precision and durability · VANSMITHLAB · AI illustration, 2026","https://vansmithlab.com/en/encyclopedia/stainless-steel-architecture-object-design/","","architecture, design, visual culture, VANSMITHLAB"
"Steel — EN | VANSMITHLAB","https://vansmithlab.com/images/pinterest/40882ebd056bf1fd9586.jpg","vansmithlab.com","","Metal: structure, frame, rolled section, joint and industrial honesty. · VANSMITHLAB · original AI illustration, 2026","https://vansmithlab.com/en/encyclopedia/steel-structure-frame-industrial-honesty/","","materials, architecture, interior-design, product-design, fashion, photography, design, visual culture, VANSMITHLAB"
"Steven Meisel — EN | VANSMITHLAB","https://vansmithlab.com/images/pinterest/7f52c3ebfe3c958de713.jpg","vansmithlab.com","","Transformation, narrative and the fashion image · VANSMITHLAB · AI illustration, 2026","https://vansmithlab.com/en/glossary/photographers/steven-meisel-transformation-narrative-fashion-image/","","photography, fashion, media-publishing, graphic-design, design, visual culture, VANSMITHLAB"
"Storyboard — The Image Before the Image — EN | VANSMITHLAB","https://vansmithlab.com/images/pinterest/4c70f313aa5be11e4c69.jpg","vansmithlab.com","","A sequence of drawings or frames reveals editing, scale and movement before expensive production begins. · VANSMITHLAB · original AI illustration, 2026","https://vansmithlab.com/en/encyclopedia/storyboard-image-before-image/","","image-grammar, design, visual culture, VANSMITHLAB"
"Studio Dumbar/DEPT® — EN | VANSMITHLAB","https://vansmithlab.com/images/pinterest/d477e452cc523a8fafaa.jpg","vansmithlab.com","","A design studio in The Hague since 1977. It builds visual identities as dynamic systems in which typography, motion, sound and programmable graphics work together. · VANSMITHLAB · original AI illustration, 2026","https://vansmithlab.com/en/articles/studio-dumbar-dept/","","graphic-design, product-design, media-publishing, design, visual culture, VANSMITHLAB"
"Studiopepe — EN | VANSMITHLAB","https://vansmithlab.com/images/pinterest/8dedff8e29fa54536cc8.jpg","vansmithlab.com","","A studio in Milan since 2006. It connects interiors, objects, exhibition staging and colour research, creating spaces as complete authored statements. · VANSMITHLAB · original AI illustration, 2026","https://vansmithlab.com/en/articles/studiopepe/","","interior-design, architecture, product-design, design, visual culture, VANSMITHLAB"
"Superleggera — EN | VANSMITHLAB","https://vansmithlab.com/images/pinterest/a4b660c8aa91b21a17ac.jpg","vansmithlab.com","","Minimum mass as a design problem: craft and industry · VANSMITHLAB · original AI illustration, 2026","https://vansmithlab.com/en/encyclopedia/superleggera-chair/","","object-space, design, visual culture, VANSMITHLAB"
"Surrealism — EN | VANSMITHLAB","https://vansmithlab.com/images/pinterest/eeff8b03004ab2df8f23.jpg","vansmithlab.com","","Dream, object and the logic of the impossible · VANSMITHLAB · AI illustration, 2026","https://vansmithlab.com/en/encyclopedia/surrealism-dream-object-logic-of-impossible/","","art, photography, fashion, graphic-design, product-design, interior-design, architecture, design, visual culture, VANSMITHLAB"
"Susan Sontag — EN | VANSMITHLAB","https://vansmithlab.com/images/pinterest/2047706e352cc531d87e.jpg","vansmithlab.com","","Image, distance and the morality of spectatorship: photography criticism as cultural power · VANSMITHLAB · original AI illustration, 2026","https://vansmithlab.com/en/glossary/critics-theorists/susan-sontag-photography-image-criticism/","","photography, art, media-publishing, design, visual culture, VANSMITHLAB"
"Swiss Style / International Typographic Style — EN | VANSMITHLAB","https://vansmithlab.com/images/pinterest/0258b27f06cd612d9942.jpg","vansmithlab.com","","Grid, typography and objective information · VANSMITHLAB · AI illustration, 2026","https://vansmithlab.com/en/encyclopedia/swiss-style-grid-typography-objective-information/","","graphic-design, media-publishing, photography, architecture, product-design, interior-design, fashion, design, visual culture, VANSMITHLAB"
"Switzerland: grid, typography, system — EN | VANSMITHLAB","https://vansmithlab.com/images/pinterest/d93cb4d356996bcf3ea2.jpg","vansmithlab.com","","The Swiss system as a way of making complexity manageable and almost invisible. · VANSMITHLAB · original AI illustration, 2026","https://vansmithlab.com/en/collections/shveytsariya-setka-tipografika-sistema/","","graphic-design, history-movements, design, visual culture, VANSMITHLAB"
"Tadao Ando — EN | VANSMITHLAB","https://vansmithlab.com/images/pinterest/53d32d454ca18ca47469.jpg","vansmithlab.com","","Concrete, light, emptiness, and the architecture of inner concentration · VANSMITHLAB · AI illustration, 2026","https://vansmithlab.com/en/glossary/architects/tadao-ando/","","architecture, architects, materials-techniques, design, visual culture, VANSMITHLAB"
"Tailoring Construction — the Inner Architecture of the Jacket — EN | VANSMITHLAB","https://vansmithlab.com/images/pinterest/1fc41950b207ad4eb5ed.jpg","vansmithlab.com","","Canvas, front, shoulder, sleeve, iron and balance as an invisible spatial system. · VANSMITHLAB · original AI illustration, 2026","https://vansmithlab.com/en/encyclopedia/tailoring-construction-inner-architecture-of-jacket/","","fashion-systems, design, visual culture, VANSMITHLAB"
"TBWA Worldwide — EN | VANSMITHLAB","https://vansmithlab.com/images/pinterest/0f8cc443584eb95d9d76.jpg","vansmithlab.com","","An advertising agency in Paris since 1970. It builds work by identifying category conventions and deliberately breaking them through its Disruption methodology. · VANSMITHLAB · original AI illustration, 2026","https://vansmithlab.com/en/articles/tbwa-worldwide/","","graphic-design, media-publishing, design, visual culture, VANSMITHLAB"
"teamLab — EN | VANSMITHLAB","https://vansmithlab.com/images/pinterest/53e6abd66072c3449181.jpg","vansmithlab.com","","An art studio in Tokyo since 2001. It creates digital environments calculated in real time, extending beyond individual screens and changing with the presence of viewers. · VANSMITHLAB · AI illustration, 2026","https://vansmithlab.com/en/articles/teamlab/","","art, media-publishing, design, visual culture, VANSMITHLAB"
"Terrazzo — EN | VANSMITHLAB","https://vansmithlab.com/images/pinterest/925a277d8435be42b7b1.jpg","vansmithlab.com","","Fragment, binder, and the seamless surface · VANSMITHLAB · AI illustration, 2026","https://vansmithlab.com/en/encyclopedia/terrazzo-fragment-binder-seamless-surface/","","architecture, interior-design, product-design, design, visual culture, VANSMITHLAB"
"Territory Studio — EN | VANSMITHLAB","https://vansmithlab.com/images/pinterest/e73e3f3af1fee7847490.jpg","vansmithlab.com","","A studio in London since 2010. It designs screen graphics and interfaces as part of a story world. · VANSMITHLAB · AI illustration, 2026","https://vansmithlab.com/en/articles/territory-studio/","","graphic-design, art, media-publishing, design, visual culture, VANSMITHLAB"
"The Boutique — Architecture of Luxury — EN | VANSMITHLAB","https://vansmithlab.com/images/pinterest/a3ebbca5c5bda38bf697.jpg","vansmithlab.com","","A small commercial space where rarity, service, and material precision shape the value of merchandise. · VANSMITHLAB · original AI illustration, 2026","https://vansmithlab.com/en/encyclopedia/boutique-architecture-of-luxury/","","space-typologies, design, visual culture, VANSMITHLAB"
"The Button — Function, Sign and Industrial Object — EN | VANSMITHLAB","https://vansmithlab.com/images/pinterest/be4247efd5fbbadadccd.jpg","vansmithlab.com","","A small object connecting textile, technology, ornament and social code. · VANSMITHLAB · original AI illustration, 2026","https://vansmithlab.com/en/encyclopedia/button-function-sign-and-industrial-object/","","fashion-systems, design, visual culture, VANSMITHLAB"
"The Concept Store — From Selling to Curating — EN | VANSMITHLAB","https://vansmithlab.com/images/pinterest/9949319cc7b332bda57e.jpg","vansmithlab.com","","Retail in which assortment, space, events, and editorial selection construct a single cultural position. · VANSMITHLAB · original AI illustration, 2026","https://vansmithlab.com/en/encyclopedia/concept-store-from-selling-to-curating/","","space-typologies, design, visual culture, VANSMITHLAB"
"The Department Store — A City Inside a Building — EN | VANSMITHLAB","https://vansmithlab.com/images/pinterest/550850f9a28958d0fcfa.jpg","vansmithlab.com","","A large retail organism combining product categories, vertical circulation, service, spectacle, and urban life. · VANSMITHLAB · original AI illustration, 2026","https://vansmithlab.com/en/encyclopedia/department-store-city-inside-building/","","space-typologies, design, visual culture, VANSMITHLAB"
"The Dress Form — a Tool Between Body and Form — EN | VANSMITHLAB","https://vansmithlab.com/images/pinterest/88825256d1f0ec95eb7c.jpg","vansmithlab.com","","A three-dimensional working surface on which fabric tests an idea before meeting a living body. · VANSMITHLAB · original AI illustration, 2026","https://vansmithlab.com/en/encyclopedia/dress-form-tool-between-body-and-form/","","fashion-systems, design, visual culture, VANSMITHLAB"
"The Exhibition — Temporary Architecture of an Argument — EN | VANSMITHLAB","https://vansmithlab.com/images/pinterest/4edd2014c8a357b92de6.jpg","vansmithlab.com","","The exhibition as a temporary system linking objects, texts, images, light, and movement into a single argument. · VANSMITHLAB · original AI illustration, 2026","https://vansmithlab.com/en/encyclopedia/exhibition-temporary-architecture-of-argument/","","space-typologies, design, visual culture, VANSMITHLAB"
"The Face — EN | VANSMITHLAB","https://vansmithlab.com/images/pinterest/39857ec587d25f06e875.jpg","vansmithlab.com","","Youth culture, style and the magazine as a visual laboratory · VANSMITHLAB · AI editorial illustration, 2026","https://vansmithlab.com/en/articles/the-face-youth-culture-style-magazine-visual-laboratory/","","media-publishing, fashion, photography, graphic-design, design, visual culture, VANSMITHLAB"
"The Fashion Show — from Collection Presentation to Media Event — EN | VANSMITHLAB","https://vansmithlab.com/images/pinterest/906488a52e0115f02b5d.jpg","vansmithlab.com","","Route, body, music, light, seating, camera and distribution network as one image-producing system. · VANSMITHLAB · original AI illustration, 2026","https://vansmithlab.com/en/encyclopedia/fashion-show-from-collection-presentation-to-media-event/","","fashion-systems, design, visual culture, VANSMITHLAB"
"The History of the Balenciaga Fashion House — EN | VANSMITHLAB","https://vansmithlab.com/images/pinterest/a8aa54ce2b4d53dc22c7.jpg","vansmithlab.com","","How a Basque tailor turned fabric into architecture, and a closed couture house — after a relaunch, the digital revolution and a succession of creative eras — became one of the most influential labels of the present day · VANSMITHLAB · AI illustration, 2026","https://vansmithlab.com/en/articles/istoriya-modnogo-doma-balenciaga/","","fashion, design, visual culture, VANSMITHLAB"
"The History of the Giorgio Armani Fashion House — EN | VANSMITHLAB","https://vansmithlab.com/images/pinterest/db36ce309b1a9405c0a7.jpg","vansmithlab.com","","How a soft jacket, a neutral palette, cinema and an independent model of governance created one of the most consistent languages in modern Italian fashion · VANSMITHLAB · AI illustration, 2026","https://vansmithlab.com/en/articles/istoriya-modnogo-doma-giorgio-armani/","","fashion, design, visual culture, VANSMITHLAB"
"The History of the Hermès Fashion House — EN | VANSMITHLAB","https://vansmithlab.com/images/pinterest/49743ba8dd61b4e3bb09.jpg","vansmithlab.com","","How a Parisian harness workshop turned function, material, manual skill and control of time into one of the most resilient systems in modern luxury · VANSMITHLAB · AI illustration, 2026","https://vansmithlab.com/en/articles/istoriya-modnogo-doma-hermes/","","fashion, design, visual culture, VANSMITHLAB"
"The History of the Louis Vuitton Fashion House — EN | VANSMITHLAB","https://vansmithlab.com/images/pinterest/85e58dbd1bb95ea694b3.jpg","vansmithlab.com","","How a trunk-making workshop grew into a global house of fashion, art, design and cultural influence · VANSMITHLAB · AI illustration, 2026","https://vansmithlab.com/en/articles/louis-vuitton-istoriya-modnogo-doma/","","fashion, design, visual culture, VANSMITHLAB"
"The History of the Prada Fashion House — EN | VANSMITHLAB","https://vansmithlab.com/images/pinterest/5b923831a9708eb4f3c3.jpg","vansmithlab.com","","How a Milanese maker of travel goods turned industrial nylon, the uniform, architecture and intellectual contradiction into one of the most influential languages of contemporary fashion · VANSMITHLAB · AI illustration, 2026","https://vansmithlab.com/en/articles/istoriya-modnogo-doma-prada/","","fashion, design, visual culture, VANSMITHLAB"
"The History of the Saint Laurent Fashion House — EN | VANSMITHLAB","https://vansmithlab.com/images/pinterest/79f59619d15a52b5c572.jpg","vansmithlab.com","","How Yves Saint Laurent and Pierre Bergé transformed the languages of menswear, art, the street and cinema into a new model of modern fashion—and how the house continued after its founder’s departure · VANSMITHLAB · AI illustration, 2026","https://vansmithlab.com/en/articles/istoriya-modnogo-doma-saint-laurent/","","fashion, design, visual culture, VANSMITHLAB"
"The History of the Versace Fashion House — EN | VANSMITHLAB","https://vansmithlab.com/images/pinterest/ac06faa5ea878daf229b.jpg","vansmithlab.com","","How ancient symbolism, metallic fabric, the cult of the body, supermodels and pop culture transformed a Milanese family house into a global language of maximalism · VANSMITHLAB · AI illustration, 2026","https://vansmithlab.com/en/articles/istoriya-modnogo-doma-versace/","","fashion, design, visual culture, VANSMITHLAB"
"The Hotel — Temporary Home as a Design System — EN | VANSMITHLAB","https://vansmithlab.com/images/pinterest/3124fe24d93971ca92fe.jpg","vansmithlab.com","","A typology in which the standardised room must simultaneously provide privacy, orientation, service, and a sense of place. · VANSMITHLAB · original AI illustration, 2026","https://vansmithlab.com/en/encyclopedia/hotel-temporary-home-as-design-system/","","space-typologies, design, visual culture, VANSMITHLAB"
"The House — How Design Organizes Everyday Ritual — EN | VANSMITHLAB","https://vansmithlab.com/images/pinterest/135eb3e347cadc5a59a4.jpg","vansmithlab.com","","Housing typology as a system of routes, privacy, storage, light, and repeated actions. · VANSMITHLAB · original AI illustration, 2026","https://vansmithlab.com/en/encyclopedia/house-design-organizes-everyday-ritual/","","space-typologies, design, visual culture, VANSMITHLAB"
"The image without a camera — EN | VANSMITHLAB","https://vansmithlab.com/images/pinterest/80193cb45290e70cf410.jpg","vansmithlab.com","","How the image separated from optical witness and became a designed scene. · VANSMITHLAB · original AI illustration, 2026","https://vansmithlab.com/en/collections/izobrazhenie-bez-kamery/","","image-grammar, media-publishing, design, visual culture, VANSMITHLAB"
"The magazine as system — EN | VANSMITHLAB","https://vansmithlab.com/images/pinterest/cf3971d36a7e271f58a6.jpg","vansmithlab.com","","The publication as a machine of selection, rhythm, image, and authority. · VANSMITHLAB · original AI illustration, 2026","https://vansmithlab.com/en/collections/zhurnal-kak-sistema/","","media-publishing, graphic-design, design, visual culture, VANSMITHLAB"
"The Museum — Route, Display, and the Management of Attention — EN | VANSMITHLAB","https://vansmithlab.com/images/pinterest/e53de1f5c31ed3cfe041.jpg","vansmithlab.com","","How architecture and exhibition design turn a collection into a sequence of encounters, comparisons, and interpretations. · VANSMITHLAB · original AI illustration, 2026","https://vansmithlab.com/en/encyclopedia/museum-route-display-management-of-attention/","","space-typologies, design, visual culture, VANSMITHLAB"
"The Music Video as Myth Factory — EN | VANSMITHLAB","https://vansmithlab.com/images/pinterest/3b83a4e8e27a884b7d99.jpg","vansmithlab.com","","How music video turns a song into a face, body, costume, gesture and cultural memory · VANSMITHLAB · original AI illustration, 2026","https://vansmithlab.com/en/analysis/music-video-myth-factory/","","media-publishing, fashion, graphic-design, design, visual culture, VANSMITHLAB"
"The New Raw — EN | VANSMITHLAB","https://vansmithlab.com/images/pinterest/1ff0207acf5cfa0771d8.jpg","vansmithlab.com","","A research organisation in Rotterdam since 2015. It uses recycled plastic and robotic 3D printing to create furniture and urban objects. · VANSMITHLAB · original AI illustration, 2026","https://vansmithlab.com/en/articles/the-new-raw/","","product-design, architecture, art, design, visual culture, VANSMITHLAB"
"The Pattern — Translating the Three-Dimensional Body into a Plane — EN | VANSMITHLAB","https://vansmithlab.com/images/pinterest/9e19e87820d2d008a305.jpg","vansmithlab.com","","A geometric interface between figure, design intention and the cutting of material. · VANSMITHLAB · original AI illustration, 2026","https://vansmithlab.com/en/encyclopedia/pattern-translating-three-dimensional-body-to-plane/","","fashion-systems, design, visual culture, VANSMITHLAB"
